,sum_sq,df,F,PR(>F)
C(pattern_paper_name),337.0141522489804,4.0,1456.624336641439,0.0
C(model),1.1942120401102476,2.0,10.323117347604335,3.593329187569916e-05
C(task_name),10.750892537735972,99.0,1.8774515600605906,1.3372689924920949e-06
C(pattern_paper_name):C(model),2.027114497301034,8.0,4.380742307441625,3.131261926132417e-05
Residual,68.25313322903936,1180.0,,
