,sum_sq,df,F,PR(>F)
C(pattern_paper_name),231.74348508926016,4.0,131.9288638635792,3.535459477894376e-93
C(model),53.192349696522946,2.0,60.563568887328316,9.156734091947342e-26
C(task_name),730.9506246634792,99.0,16.812996667472504,3.940028481677188e-164
C(pattern_paper_name):C(model),35.283638125370274,8.0,10.043281883546454,1.277479432078694e-13
Residual,518.1908348124922,1180.0,,
