,sum_sq,df,F,PR(>F)
C(pattern_paper_name),175.7764885088682,4.0,120.62387893665857,2.4992708906384886e-86
C(model),138.66947899848915,2.0,190.31954260571518,2.301025849348341e-72
C(task_name),687.2197267314494,99.0,19.054296547848118,2.5087611084372842e-182
C(pattern_paper_name):C(model),10.513113693084545,8.0,3.6072303074195795,0.0003752075932968031
Residual,429.88224692513387,1180.0,,
