,sum_sq,df,F,PR(>F)
C(pattern_paper_name),348.74867916583344,4.0,49.2689650969363,2.2744929440655922e-38
C(model),124.43689254595076,2.0,35.15928393066325,1.4729319643978424e-15
C(task_name),266.87222605498795,99.0,1.5233126318575942,0.0011109261274330185
C(pattern_paper_name):C(model),125.4537352536545,8.0,8.861647473872548,7.701844919442551e-12
Residual,2088.147379420363,1180.0,,
