effect,lr_stat,df,p_value
pattern:model interaction,11.52354744137142,8,0.17376119895637637
planning pattern main effect,197.41097535092058,4,1.3535379317689275e-41
model main effect,42.16691996831332,2,6.975408873066208e-10
